a1a1a1a1-e5f6-4a5b-9c3d-2e1f0a9b8c7d,a1b2c3d4-e5f6-4a5b-9c3d-2e1f0a9b8c7d,2020-03-15 08:30:00.000000
a2a2a2a2-e5f6-4a5b-9c3d-2e1f0a9b8c7d,a1b2c3d4-e5f6-4a5b-9c3d-2e1f0a9b8c7d,2020-03-15 09:45:00.000000
a3a3a3a3-e5f6-4a5b-9c3d-2e1f0a9b8c7d,a1b2c3d4-e5f6-4a5b-9c3d-2e1f0a9b8c7d,2020-04-01 10:15:00.000000
b1b1b1b1-f6a7-4b5c-8d3e-2f1a0a9b8c7d,b2c3d4e5-f6a7-4b5c-8d3e-2f1a0a9b8c7d,2020-04-15 11:30:00.000000
b2b2b2b2-f6a7-4b5c-8d3e-2f1a0a9b8c7d,b2c3d4e5-f6a7-4b5c-8d3e-2f1a0a9b8c7d,2020-05-01 08:45:00.000000
b3b3b3b3-f6a7-4b5c-8d3e-2f1a0a9b8c7d,b2c3d4e5-f6a7-4b5c-8d3e-2f1a0a9b8c7d,2020-05-15 09:30:00.000000
c1c1c1c1-b8c9-4d5e-6f2a-4b3c2d1e0f9a,d4e5f6a7-b8c9-4d5e-6f2a-4b3c2d1e0f9a,2020-06-01 10:00:00.000000
c2c2c2c2-b8c9-4d5e-6f2a-4b3c2d1e0f9a,d4e5f6a7-b8c9-4d5e-6f2a-4b3c2d1e0f9a,2020-06-15 11:15:00.000000
c3c3c3c3-b8c9-4d5e-6f2a-4b3c2d1e0f9a,d4e5f6a7-b8c9-4d5e-6f2a-4b3c2d1e0f9a,2020-07-01 08:30:00.000000
d1d1d1d1-c9d0-4e5f-5a1b-5c4d3e2f1a0b,e5f6a7b8-c9d0-4e5f-5a1b-5c4d3e2f1a0b,2020-07-15 09:45:00.000000
d2d2d2d2-c9d0-4e5f-5a1b-5c4d3e2f1a0b,e5f6a7b8-c9d0-4e5f-5a1b-5c4d3e2f1a0b,2020-08-01 10:30:00.000000
d3d3d3d3-c9d0-4e5f-5a1b-5c4d3e2f1a0b,e5f6a7b8-c9d0-4e5f-5a1b-5c4d3e2f1a0b,2020-08-15 11:45:00.000000
